City_ID,City,Country,Lat,Lng,Max Temp,Humidity,Cloudiness,Wind Speed,Current Description
0,Soyo,AO,-6.1349,12.3689,78.71,89,97,4.74,light rain
1,Butaritari,KI,3.0707,172.7902,82.11,76,25,19.89,light rain
2,Thompson,CA,55.7435,-97.8558,-0.24,71,40,5.75,scattered clouds
3,Kavieng,PG,-2.5744,150.7967,82.18,75,100,7.36,light rain
4,Ilulissat,GL,69.2167,-51.1,12.22,57,75,19.57,broken clouds
5,Klaksvik,FO,62.2266,-6.589,34.72,63,60,28.54,broken clouds
6,Ponta Delgada,PT,37.7333,-25.6667,59.5,77,20,8.05,few clouds
7,Lamu,KE,-2.2717,40.902,79.02,84,3,11.54,clear sky
8,Atuona,PF,-9.8,-139.0333,77.72,75,18,13.67,few clouds
9,Berlevag,NO,70.8578,29.0864,19.4,79,98,5.84,overcast clouds
10,Bethel,US,41.3712,-73.414,18.0,65,100,5.99,overcast clouds
11,Kodiak,US,57.79,-152.4072,33.31,60,0,25.32,clear sky
12,Gao,ML,16.6362,1.637,68.61,14,0,11.97,clear sky
13,Kitami,JP,43.8031,143.8908,15.12,87,36,5.46,scattered clouds
14,Batemans Bay,AU,-35.7167,150.1833,75.2,95,96,2.19,overcast clouds
15,Saint-Philippe,RE,-21.3585,55.7679,76.59,85,55,9.06,light rain
16,Grindavik,IS,63.8424,-22.4338,36.07,80,75,16.11,heavy intensity rain
17,Saldanha,ZA,-33.0117,17.9442,68.05,87,0,16.91,clear sky
18,Katyuzhanka,UA,50.806,30.1376,29.64,92,96,9.64,overcast clouds
19,Tuktoyaktuk,CA,69.4541,-133.0374,-9.4,77,75,14.97,light snow
20,Norman Wells,CA,65.282,-126.8329,-21.96,69,20,3.44,few clouds
21,Mount Darwin,ZW,-16.7725,31.5838,68.27,94,100,5.46,light rain
22,Provideniya,RU,64.3833,-173.3,2.66,86,4,5.01,clear sky
23,Sangar,RU,63.9242,127.4739,-35.57,99,86,2.66,overcast clouds
24,Bluff,NZ,-46.6,168.3333,58.39,88,100,6.85,overcast clouds
25,Saint-Pierre,RE,-21.3393,55.4781,76.68,78,38,6.91,scattered clouds
26,Busselton,AU,-33.65,115.3333,67.05,91,5,14.34,clear sky
27,Srednekolymsk,RU,67.45,153.6833,-24.95,100,93,4.14,overcast clouds
28,Rikitea,PF,-23.1203,-134.9692,77.32,73,100,10.71,overcast clouds
29,Lorengau,PG,-2.0226,147.2712,80.64,80,99,7.29,overcast clouds
30,Celestun,MX,20.8667,-90.4,71.19,54,76,17.58,broken clouds
31,Ushuaia,AR,-54.8,-68.3,46.06,93,75,25.32,moderate rain
32,Montepuez,MZ,-13.1256,38.9997,67.32,99,100,3.06,overcast clouds
33,Mataura,NZ,-46.1927,168.8643,57.36,93,100,2.57,light rain
34,Avarua,CK,-21.2078,-159.775,82.45,78,20,9.22,few clouds
35,Jamestown,US,42.097,-79.2353,17.29,49,0,5.99,clear sky
36,Ribeira Grande,PT,38.5167,-28.7,59.4,67,20,5.75,few clouds
37,Cidreira,BR,-30.1811,-50.2056,73.67,58,56,12.64,broken clouds
38,Victoria,HK,22.2855,114.1577,60.24,86,100,3.0,overcast clouds
39,Mar Del Plata,AR,-38.0023,-57.5575,84.22,89,0,18.99,clear sky
40,Inirida,CO,3.8653,-67.9239,90.91,39,94,2.37,overcast clouds
41,Hermanus,ZA,-34.4187,19.2345,65.8,76,3,13.76,clear sky
42,Ponta Do Sol,PT,32.6667,-17.1,65.03,68,25,5.06,scattered clouds
43,Nkan,GA,0.3833,9.7833,77.65,88,100,3.29,overcast clouds
44,Moron,AR,-34.6534,-58.6198,84.94,51,60,8.79,broken clouds
45,Isetskoye,RU,56.4858,65.3226,7.38,93,100,4.23,overcast clouds
46,Madarounfa,NE,13.3087,7.156,66.36,12,4,11.86,clear sky
47,Wamba,NG,8.9333,8.6,73.31,17,100,5.77,overcast clouds
48,Vaini,TO,-21.2,-175.2,81.46,78,100,16.84,overcast clouds
49,Cherskiy,RU,68.75,161.3,-29.11,100,43,1.95,scattered clouds
50,Kapaa,US,22.0752,-159.319,78.78,72,0,3.0,clear sky
51,Fort Nelson,CA,58.8053,-122.7002,8.19,85,100,9.22,light snow
52,Hopelchen,MX,19.7667,-89.85,74.5,45,100,4.83,overcast clouds
53,La Palma,US,33.8464,-118.0467,70.36,24,100,3.0,overcast clouds
54,Sistranda,NO,63.7256,8.834,38.89,63,80,18.57,light rain
55,Cape Town,ZA,-33.9258,18.4232,72.01,71,20,4.0,few clouds
56,Limbang,MY,4.75,115.0,79.11,98,100,1.16,overcast clouds
57,Burnie,AU,-41.0667,145.9167,60.94,94,73,7.45,broken clouds
58,Port-Gentil,GA,-0.7193,8.7815,80.56,89,40,5.75,scattered clouds
59,Ginir,ET,7.1333,40.7,58.64,18,6,5.3,clear sky
60,Anloga,GH,5.7947,0.8973,82.62,80,89,6.26,overcast clouds
61,Leningradskiy,RU,69.3833,178.4167,-9.83,90,55,5.03,broken clouds
62,Georgetown,MY,5.4112,100.3354,81.9,90,20,1.99,few clouds
63,Ostrovnoy,RU,68.0531,39.5131,12.7,88,99,13.15,overcast clouds
64,Pevek,RU,69.7008,170.3133,-18.06,99,82,3.44,broken clouds
65,Harper,LR,4.375,-7.7169,79.97,86,61,6.2,broken clouds
66,Flinders,AU,-34.5833,150.8552,74.17,85,100,5.01,overcast clouds
67,Lagodekhi,GE,41.8268,46.2767,32.9,43,10,3.49,clear sky
68,Yar-Sale,RU,66.8333,70.8333,-9.54,97,93,8.77,overcast clouds
69,Khao Yoi,TH,13.2403,99.8243,73.9,68,32,3.78,scattered clouds
70,Severo-Kurilsk,RU,50.6789,156.125,23.59,77,90,18.97,overcast clouds
71,Barrow,US,71.2906,-156.7887,-7.58,71,100,12.66,overcast clouds
72,Narrabri,AU,-30.3167,149.7833,72.52,86,79,1.01,broken clouds
73,Lebu,CL,-37.6167,-73.65,64.4,76,2,10.96,clear sky
74,Vila Franca Do Campo,PT,37.7167,-25.4333,59.2,74,58,8.97,broken clouds
75,Ambilobe,MG,-13.2,49.05,74.1,95,65,1.5,light rain
76,Albany,US,42.6001,-73.9662,16.59,62,100,3.0,overcast clouds
77,Coihaique,CL,-45.5752,-72.0662,64.35,55,75,10.36,light intensity shower rain
78,Puerto Ayora,EC,-0.7393,-90.3518,80.56,71,28,9.35,scattered clouds
79,Camacha,PT,33.0833,-16.3333,61.56,82,20,10.36,few clouds
80,Vila Velha,BR,-20.3297,-40.2925,84.15,82,20,15.01,few clouds
81,Nelson Bay,AU,-32.7167,152.15,76.08,80,91,1.99,overcast clouds
82,Asau,RO,46.4333,26.4,29.32,88,80,7.85,broken clouds
83,Hithadhoo,MV,-0.6,73.0833,80.87,67,89,3.11,overcast clouds
84,Biak,ID,-0.9131,122.8766,76.35,79,98,3.31,overcast clouds
85,Kangaatsiaq,GL,68.3065,-53.4641,6.6,95,100,8.57,snow
86,Kurilsk,RU,45.2333,147.8833,22.03,73,100,12.06,light snow
87,Port Elizabeth,ZA,-33.918,25.5701,68.29,83,100,10.36,overcast clouds
88,Smithers,CA,54.7804,-127.1743,39.52,70,75,8.05,broken clouds
89,Kroya,ID,-7.6331,109.2461,76.19,85,100,3.15,overcast clouds
90,Bima,ID,-8.4667,118.7167,76.51,91,100,0.16,light rain
91,Kapoeta,SS,4.7717,33.5903,83.48,25,2,3.15,clear sky
92,Port Alfred,ZA,-33.5906,26.891,70.18,83,46,12.37,scattered clouds
93,Tautira,PF,-17.7333,-149.15,82.42,74,100,14.07,overcast clouds
94,Itamaraca,BR,-7.7478,-34.8256,81.28,81,75,5.32,broken clouds
95,Lompoc,US,34.6391,-120.4579,69.19,40,0,0.0,clear sky
96,Nome,US,64.5011,-165.4064,-7.83,59,0,0.0,clear sky
97,Abha,SA,18.2164,42.5053,50.25,82,0,0.0,clear sky
98,George,ZA,-33.963,22.4617,62.15,94,20,5.75,few clouds
99,Miyako,JP,39.6367,141.9525,26.04,56,6,7.63,clear sky
100,Rio Grande,BR,-32.035,-52.0986,78.91,57,0,13.35,clear sky
101,Saint-Louis,SN,16.3333,-15.0,81.05,17,100,11.34,overcast clouds
102,New Norfolk,AU,-42.7826,147.0587,60.93,62,23,1.68,few clouds
103,Calama,CL,-22.4667,-68.9333,73.89,18,0,27.63,clear sky
104,Olga,RU,43.7444,135.2892,7.41,57,17,14.0,few clouds
105,Hurghada,EG,27.2574,33.8129,57.24,44,0,11.5,clear sky
106,Souillac,MU,-20.5167,57.5167,80.98,78,40,9.22,scattered clouds
107,Saint George,US,37.1041,-113.5841,64.87,17,0,1.01,clear sky
108,Guilin,CN,25.2819,110.2864,39.31,89,15,4.79,few clouds
109,Port Hardy,CA,50.6996,-127.4199,46.76,87,100,20.71,light rain
110,Bengkulu,ID,-3.8004,102.2655,75.88,91,100,4.25,heavy intensity rain
111,Moose Factory,CA,51.2585,-80.6094,1.4,60,0,9.22,clear sky
112,Bandarbeyla,SO,9.4942,50.8122,75.76,65,94,21.99,overcast clouds
113,Upernavik,GL,72.7868,-56.1549,1.8,93,100,8.5,overcast clouds
114,Zabol,AF,32.25,67.25,37.47,61,100,3.29,overcast clouds
115,Pearl,US,32.2746,-90.132,50.22,19,0,8.05,clear sky
116,Mbalmayo,CM,3.5167,11.5,70.12,33,100,3.89,overcast clouds
117,Nabire,ID,-3.3667,135.4833,74.66,90,99,3.29,overcast clouds
118,Cockburn Town,TC,21.4612,-71.1419,80.56,65,20,9.22,few clouds
119,Praia,CV,14.9215,-23.5087,70.34,64,75,18.41,broken clouds
120,Lashio,MM,22.9333,97.75,45.14,82,0,1.3,clear sky
121,Longyearbyen,SJ,78.2186,15.6401,8.44,66,0,14.97,clear sky
122,Nikolskoye,RU,59.7035,30.7861,26.87,85,100,14.97,light snow
123,Grenaa,DK,56.4158,10.8783,43.84,74,69,7.0,broken clouds
124,Arraial Do Cabo,BR,-22.9661,-42.0278,76.96,94,75,11.5,light rain
125,Khatanga,RU,71.9667,102.5,-4.34,99,100,5.53,overcast clouds
126,Amalapuram,IN,16.5833,82.0167,63.91,94,6,1.34,clear sky
127,Isangel,VU,-19.55,169.2667,77.11,94,100,10.36,heavy intensity rain
128,Zapolyarnyy,RU,69.4154,30.8136,2.48,100,88,1.03,overcast clouds
129,Hobart,AU,-42.8794,147.3294,61.27,70,100,1.99,overcast clouds
130,Punta Arenas,CL,-53.15,-70.9167,53.71,43,75,24.16,broken clouds
131,Tuatapere,NZ,-46.1333,167.6833,57.9,93,100,5.01,light rain
132,Wajima,JP,37.4,136.9,35.4,63,100,16.02,overcast clouds
133,Gotsu,JP,35.0,132.2167,40.6,60,100,6.17,overcast clouds
134,Prince Rupert,CA,54.3161,-130.3201,42.49,93,100,11.5,light rain
135,Hamadan,IR,34.7992,48.5146,25.75,68,0,6.91,clear sky
136,Komsomolskiy,UZ,40.4272,71.7189,36.32,87,75,0.0,fog
137,Hilo,US,19.7297,-155.09,78.53,57,100,3.44,overcast clouds
138,Mapastepec,MX,15.4333,-92.9,89.44,44,40,3.8,scattered clouds
139,Pangnirtung,CA,66.1451,-65.7125,-16.6,69,100,2.3,light snow
140,Saskylakh,RU,71.9167,114.0833,-21.84,100,99,3.44,overcast clouds
141,Fairbanks,US,64.8378,-147.7164,-14.84,75,0,0.0,clear sky
142,Nanortalik,GL,60.1432,-45.2371,19.78,65,100,12.53,light snow
143,Honiara,SB,-9.4333,159.95,78.76,86,100,0.49,light rain
144,Gitarama,RW,-2.0744,29.7567,65.66,76,61,2.44,broken clouds
145,Mahebourg,MU,-20.4081,57.7,80.89,78,40,9.22,scattered clouds
146,Andenes,NO,69.3143,16.1194,26.58,63,100,16.11,overcast clouds
147,Guatire,VE,10.4762,-66.5427,76.68,54,46,4.32,scattered clouds
148,Bow Island,CA,49.8668,-111.3684,50.38,23,100,0.0,overcast clouds
149,Itarema,BR,-2.9248,-39.9167,79.66,69,96,9.73,overcast clouds
150,Khandyga,RU,62.6667,135.6,-41.03,99,59,1.95,broken clouds
151,Tiksi,RU,71.6872,128.8694,-8.61,99,53,4.79,broken clouds
152,Gorontalo,ID,0.5412,123.0595,74.03,94,99,3.33,overcast clouds
153,Vilhena,BR,-12.7406,-60.1458,79.02,83,75,13.8,broken clouds
154,Tasiilaq,GL,65.6145,-37.6368,14.16,76,94,6.64,overcast clouds
155,Sitka,US,57.0531,-135.33,37.29,87,100,19.57,light rain and snow
156,Kruisfontein,ZA,-34.0033,24.7314,65.88,90,0,4.68,clear sky
157,Bredasdorp,ZA,-34.5322,20.0403,65.52,77,5,8.05,clear sky
158,Lata,PT,40.1629,-8.3327,55.81,52,0,5.21,clear sky
159,Kahului,US,20.8947,-156.47,80.62,56,20,10.36,few clouds
160,Placido De Castro,BR,-10.3353,-67.1856,75.06,98,100,1.01,moderate rain
161,Sterling,US,39.0062,-77.4286,27.37,40,20,1.99,few clouds
162,Kavaratti,IN,10.5669,72.642,80.51,74,75,6.06,broken clouds
163,Padang,ID,-0.9492,100.3543,76.53,90,66,3.65,broken clouds
164,Bernalillo,US,35.05,-106.6673,54.45,28,40,1.01,scattered clouds
165,Krasnoselkup,RU,65.7,82.4667,-11.7,99,99,7.83,overcast clouds
166,Kaitangata,NZ,-46.2817,169.8464,56.39,93,100,4.25,overcast clouds
167,Bakel,SN,14.905,-12.4568,86.65,13,71,9.57,broken clouds
168,Noumea,NC,-22.2763,166.4572,79.0,99,50,9.31,scattered clouds
169,Morondava,MG,-20.2833,44.2833,81.39,77,3,11.48,clear sky
170,Bijar,IR,35.8668,47.6051,8.1,91,5,6.24,clear sky
171,Cuenca,EC,-2.8833,-78.9833,66.33,59,100,14.97,overcast clouds
172,Nema,RU,57.5067,50.5011,8.31,96,100,4.9,overcast clouds
173,Geraldton,AU,-28.7667,114.6,68.41,94,0,6.91,clear sky
174,Porto Novo,BJ,6.4965,2.6036,84.02,68,32,3.56,scattered clouds
175,Hay River,CA,60.8156,-115.7999,-2.22,78,75,6.91,light snow
176,Lebyazhye,RU,55.2689,66.4947,5.34,93,100,5.28,overcast clouds
177,Dikson,RU,73.5069,80.5464,3.61,93,99,21.88,overcast clouds
178,Casa Nova,BR,-9.4167,-41.1333,69.78,76,100,7.52,overcast clouds
179,Ararat,AM,39.8317,44.7049,31.1,68,23,3.15,few clouds
180,Mount Gambier,AU,-37.8333,140.7667,62.51,88,100,6.91,overcast clouds
181,Dabola,GN,10.75,-11.1167,79.95,19,21,1.81,few clouds
182,Raca,RS,44.2271,20.9775,25.54,83,90,5.19,overcast clouds
183,Hovd,MN,48.0056,91.6419,-13.16,72,13,2.57,few clouds
184,Bonavista,CA,48.6499,-53.1147,34.12,87,100,22.75,overcast clouds
185,Marsa Matruh,EG,31.3525,27.2453,50.2,71,0,11.5,clear sky
186,Katsuura,JP,35.1333,140.3,41.14,83,43,14.03,scattered clouds
187,Marrakesh,MA,31.6315,-8.0083,62.67,36,1,2.3,clear sky
188,Carnarvon,AU,-24.8667,113.6333,77.07,83,84,10.36,broken clouds
189,Gamba,GA,-2.65,10.0,77.47,88,90,4.61,overcast clouds
190,Olafsvik,IS,64.8945,-23.7142,38.62,67,100,29.35,overcast clouds
191,Xining,CN,36.6167,101.7667,10.31,61,13,1.81,few clouds
192,Chokurdakh,RU,70.6333,147.9167,-13.09,88,100,1.61,overcast clouds
193,Okhotsk,RU,59.3833,143.3,13.48,81,100,14.61,overcast clouds
194,Baryatino,RU,54.3121,34.521,21.76,92,100,7.14,overcast clouds
195,Umm Lajj,SA,25.0213,37.2685,63.07,49,0,12.21,clear sky
196,Malangali,TZ,-8.5667,34.85,61.61,96,95,2.82,overcast clouds
197,Batagay,RU,67.6333,134.6333,-33.93,99,100,2.64,overcast clouds
198,Uribia,CO,11.7139,-72.266,82.53,59,7,16.08,clear sky
199,Abeche,TD,13.8292,20.8324,66.29,13,3,10.25,clear sky
200,Sambava,MG,-14.2667,50.1667,75.79,90,19,9.19,few clouds
201,Palmerston,AU,-12.486,130.9833,80.58,92,75,17.27,light rain
202,Beringovskiy,RU,63.05,179.3167,-11.65,100,97,3.38,overcast clouds
203,Muros,ES,42.7762,-9.0603,57.7,78,14,5.1,few clouds
204,Husavik,IS,66.0449,-17.3389,33.71,77,32,19.26,scattered clouds
205,Nuuk,GL,64.1835,-51.7216,9.88,84,100,13.0,overcast clouds
206,Arica,CL,-18.475,-70.3042,80.15,53,0,11.5,clear sky
207,Kargasok,RU,59.0556,80.8572,-4.85,100,99,4.36,overcast clouds
208,Qaanaaq,GL,77.484,-69.3632,0.36,64,100,11.1,overcast clouds
209,Grootfontein,NA,-19.5667,18.1167,67.48,84,79,6.06,light rain
210,Fare,PF,-16.7,-151.0167,80.58,74,11,12.08,light rain
211,Atlantic City,US,39.3643,-74.4229,22.98,86,100,27.63,overcast clouds
212,Tartagal,AR,-22.5164,-63.8013,84.74,42,6,4.09,clear sky
213,College,US,64.8569,-147.8028,-12.33,75,40,0.0,scattered clouds
214,Airai,TL,-8.9266,125.4092,60.71,92,100,3.29,light rain
215,Badarpur,IN,24.9,92.6,50.81,79,0,2.44,clear sky
216,Faya,SA,18.3851,42.4509,50.52,73,0,5.48,clear sky
217,Broken Hill,AU,-31.95,141.4333,73.11,64,15,6.91,few clouds
218,Kabanjahe,ID,3.1001,98.4908,63.41,96,100,1.63,overcast clouds
219,Pimentel,PE,-6.8367,-79.9342,80.89,50,0,18.41,clear sky
220,Hambantota,LK,6.1241,81.1185,77.95,82,73,6.8,broken clouds
221,Imbituba,BR,-28.24,-48.6703,73.81,82,91,7.63,overcast clouds
222,Pisco,PE,-13.7,-76.2167,75.25,64,0,16.11,clear sky
223,Hualmay,PE,-11.0964,-77.6139,73.96,73,60,11.65,broken clouds
224,Chuy,UY,-33.6971,-53.4616,74.12,61,18,11.32,few clouds
225,Yumen,CN,40.2833,97.2,13.66,62,0,5.59,clear sky
226,Beruwala,LK,6.4788,79.9828,78.93,80,84,2.51,broken clouds
227,Luderitz,NA,-26.6481,15.1594,67.57,80,73,8.81,broken clouds
228,East London,ZA,-33.0153,27.9116,72.01,80,83,10.71,broken clouds
229,Villefranche-De-Rouergue,FR,44.3333,2.0,34.03,95,3,1.52,clear sky
230,Orlik,RU,52.5178,99.825,-26.21,94,80,2.46,broken clouds
231,Mitchell,US,43.7094,-98.0298,50.11,32,0,8.99,clear sky
232,Bunia,CD,1.5667,30.25,70.72,37,100,3.87,overcast clouds
233,Aklavik,CA,68.2191,-135.0107,-15.77,76,75,3.44,broken clouds
234,Valparaiso,CL,-33.0393,-71.6273,75.43,56,20,13.8,few clouds
235,Nouadhibou,MR,20.931,-17.0347,64.38,77,100,16.11,overcast clouds
236,Manokwari,ID,-0.8667,134.0833,77.38,76,99,5.79,overcast clouds
237,Ancud,CL,-41.8697,-73.8203,69.33,84,53,12.39,broken clouds
238,Vestmannaeyjar,IS,63.4427,-20.2734,40.37,67,100,18.05,overcast clouds
239,Tornio,FI,65.8481,24.1466,23.02,93,100,12.35,overcast clouds
240,Tiarei,PF,-17.5333,-149.3333,82.42,74,99,13.27,overcast clouds
241,Mezen,RU,65.8522,44.24,12.24,95,99,8.34,overcast clouds
242,Jalu,LY,29.0331,21.5482,52.7,39,0,10.98,clear sky
243,Pareora,NZ,-44.4871,171.2132,70.18,93,100,3.74,overcast clouds
244,Nizhniy Tsasuchey,RU,50.5167,115.1333,-12.51,96,14,5.26,few clouds
245,Yatou,CN,37.15,122.3833,28.47,52,84,10.31,broken clouds
246,Beberibe,BR,-4.1797,-38.1306,84.24,79,92,7.74,overcast clouds
247,Dudinka,RU,69.4058,86.1778,-0.62,93,100,13.91,overcast clouds
248,Telsiai,LT,55.9814,22.2472,38.75,97,100,28.36,overcast clouds
249,Yellowknife,CA,62.456,-114.3525,-4.59,83,100,5.75,light snow
250,Havelock,US,34.8791,-76.9013,39.94,52,40,11.01,scattered clouds
251,Turukhansk,RU,65.8167,87.9833,2.05,95,100,10.02,overcast clouds
252,Hasaki,JP,35.7333,140.8333,27.0,61,65,19.8,broken clouds
253,Sakakah,SA,29.9697,40.2064,49.57,45,0,10.13,clear sky
254,Monte Azul,BR,-15.155,-42.8747,74.71,83,100,0.69,overcast clouds
255,Guerrero Negro,MX,27.9769,-114.0611,71.19,29,8,12.35,clear sky
256,Guasdualito,VE,7.2424,-70.7324,93.2,40,40,5.75,scattered clouds
257,Rawson,AR,-43.3002,-65.1023,83.1,32,62,7.85,broken clouds
258,Havre-Saint-Pierre,CA,50.2334,-63.5986,7.39,61,100,17.27,overcast clouds
259,Santa Vitoria Do Palmar,BR,-33.5189,-53.3681,74.03,60,23,11.01,few clouds
260,Talnakh,RU,69.4865,88.3972,-0.89,97,100,9.53,overcast clouds
261,Hofn,IS,64.2539,-15.2082,24.82,63,0,6.91,clear sky
262,Nuevo Progreso,MX,23.1667,-97.95,66.54,41,52,5.28,broken clouds
263,Puurmani,EE,58.5738,26.2878,30.42,95,100,18.68,light snow
264,Turtas,RU,58.9417,69.1325,9.57,94,100,5.39,overcast clouds
265,Kirakira,SB,-10.4544,161.9205,81.48,84,100,8.28,light rain
266,Olinda,BR,-8.0089,-34.8553,80.33,78,75,5.75,broken clouds
267,East Wenatchee Bench,US,47.4257,-120.2812,30.34,74,100,0.0,overcast clouds
268,Adrar,MR,20.5022,-10.0711,78.67,11,100,10.65,overcast clouds
269,Bahia Blanca,AR,-38.7196,-62.2724,96.15,20,0,12.62,clear sky
270,Yulara,AU,-25.2406,130.9889,80.44,65,100,16.11,overcast clouds
271,Torbay,CA,47.6666,-52.7314,33.58,91,100,21.85,overcast clouds
272,Tra Vinh,VN,9.9347,106.3453,71.65,94,91,1.9,overcast clouds
273,Williams Lake,CA,52.1415,-122.1445,33.37,57,100,5.01,overcast clouds
274,Koumac,NC,-20.5667,164.2833,81.43,80,55,5.77,broken clouds
275,Ubinskoye,RU,55.3068,79.6802,-5.17,94,65,6.55,broken clouds
276,Inuvik,CA,68.3499,-133.7218,-4.79,73,20,2.3,few clouds
277,Puerto Escondido,MX,15.85,-97.0667,84.9,57,0,7.61,clear sky
278,Oga,IT,46.4631,10.347,36.68,59,3,6.31,clear sky
279,Toropets,RU,56.4978,31.6353,21.45,92,100,11.99,light snow
280,Porosozero,RU,62.7191,32.727,18.99,83,100,11.5,light snow
281,Bonnyville,CA,54.2668,-110.735,33.12,91,61,3.04,broken clouds
282,Puerto Armuelles,PA,8.2833,-82.8667,93.18,68,28,6.33,scattered clouds
283,Bosaso,SO,11.2842,49.1816,72.19,68,94,5.84,overcast clouds
284,Port Shepstone,ZA,-30.7414,30.455,73.17,82,97,11.18,overcast clouds
285,Riyadh,SA,24.6877,46.7219,53.74,37,0,10.92,clear sky
286,Kolyvan,RU,55.3053,82.7391,1.02,100,93,3.6,overcast clouds
287,Haines Junction,CA,60.7522,-137.5108,12.15,67,99,10.36,overcast clouds
288,Buraydah,SA,26.326,43.975,52.25,35,0,17.45,clear sky
289,San Luis,AR,-33.295,-66.3356,88.5,23,0,3.62,clear sky
290,Along,IN,28.1667,94.7667,43.03,83,1,1.61,clear sky
291,Khash,IR,28.2211,61.2158,49.98,60,13,6.38,few clouds
292,Obera,AR,-27.4871,-55.1199,85.73,40,1,8.77,clear sky
293,Portland,US,45.5234,-122.6762,51.78,56,20,3.0,few clouds
294,Owensboro,US,37.7742,-87.1133,34.63,59,20,13.8,few clouds
295,Broome,US,42.2506,-75.833,14.0,59,0,8.99,clear sky
296,Crestview,US,30.7621,-86.5705,49.91,24,0,8.01,clear sky
297,Ciudad Bolivar,VE,8.1222,-63.5497,91.99,30,20,12.19,few clouds
298,Uglich,RU,57.5275,38.3317,6.35,99,97,3.27,overcast clouds
299,Nishihara,JP,26.1842,127.7558,61.88,94,100,9.22,overcast clouds
300,Marsh Harbour,BS,26.5412,-77.0636,59.67,60,19,28.05,few clouds
301,Port Lincoln,AU,-34.7333,135.8667,65.14,88,32,12.95,scattered clouds
302,Gumdag,TM,39.2061,54.5906,39.33,67,5,13.06,clear sky
303,Bilma,NE,18.6853,12.9164,61.03,18,1,10.92,clear sky
304,Morro Bay,US,35.3658,-120.8499,69.33,36,96,1.01,overcast clouds
305,Tabou,CI,4.423,-7.3528,80.26,85,30,6.85,scattered clouds
306,Salalah,OM,17.0151,54.0924,73.49,68,0,1.14,clear sky
307,Carutapera,BR,-1.195,-46.02,75.15,88,100,4.36,moderate rain
308,Ternate,ID,0.8,127.4,78.91,84,96,6.06,overcast clouds
309,Kangaba,ML,11.9333,-8.4167,81.39,15,0,6.02,clear sky
310,Pustoshka,RU,56.3355,29.369,23.4,86,100,15.28,snow
311,Pringsewu,ID,-5.3582,104.9744,73.69,96,100,1.72,overcast clouds
312,Kieta,PG,-6.2167,155.6333,79.07,88,100,8.63,light rain
313,Bucsa,HU,47.2,21.0,35.98,97,100,15.46,snow
314,Samarai,PG,-10.6167,150.6667,80.17,78,100,8.23,overcast clouds
315,Miracema Do Tocantins,BR,-9.5618,-48.3967,76.64,91,60,4.36,broken clouds
316,Antalaha,MG,-14.9003,50.2788,73.56,88,14,5.46,few clouds
317,Swift Current,CA,50.2834,-107.8014,29.21,74,0,10.36,clear sky
318,Praia Da Vitoria,PT,38.7333,-27.0667,59.25,88,75,10.09,broken clouds
319,Kryve Ozero,UA,47.9524,30.3493,25.74,88,60,7.9,broken clouds
320,Kendari,ID,-3.945,122.4989,75.15,91,100,2.53,overcast clouds
321,Kaoma,ZM,-14.7833,24.8,64.98,96,99,3.4,light rain
322,Bathsheba,BB,13.2167,-59.5167,81.21,65,40,17.27,scattered clouds
323,Castro,BR,-24.7911,-50.0119,60.17,99,100,6.11,overcast clouds
324,Petropavlovsk-Kamchatskiy,RU,53.0452,158.6483,18.19,100,75,4.47,broken clouds
325,Tikapur,NP,28.5,81.1333,57.4,84,0,2.26,clear sky
326,Hailar,CN,49.2,119.7,-21.77,99,14,4.41,few clouds
327,Varna,BG,43.2167,27.9167,36.45,88,0,2.3,clear sky
328,Southbridge,US,42.0751,-72.0334,17.62,88,100,1.99,snow
329,Cabo San Lucas,MX,22.8909,-109.9124,79.61,56,23,5.99,few clouds
330,Christchurch,NZ,-43.5333,172.6333,69.91,77,40,5.01,scattered clouds
331,Serra Branca,BR,-6.5333,-38.2667,71.4,86,100,2.82,overcast clouds
332,Sioux Lookout,CA,50.1001,-91.917,10.78,79,100,3.44,overcast clouds
333,Constitucion,CL,-35.3333,-72.4167,65.12,74,51,10.33,broken clouds
334,Barranca,PE,-10.75,-77.7667,72.45,74,76,11.25,broken clouds
335,Caraballeda,VE,10.6112,-66.8522,78.39,57,71,5.17,broken clouds
336,Aykhal,RU,66.0,111.5,-20.33,99,33,5.26,scattered clouds
337,Kaduna,NG,10.5222,7.4383,70.3,14,96,11.97,overcast clouds
338,Forbes,AU,-33.3833,148.0167,74.91,72,2,4.79,clear sky
339,Touros,BR,-5.1989,-35.4608,81.5,77,95,10.31,overcast clouds
340,Krasnoborsk,RU,61.5598,45.934,17.19,94,100,6.04,light snow
341,Poum,NC,-20.2333,164.0167,80.92,79,39,9.19,scattered clouds
342,Ariquemes,BR,-9.9133,-63.0408,73.87,98,100,3.76,overcast clouds
343,Robe,AU,-37.1833,139.75,60.08,86,0,11.95,clear sky
344,San Jose,US,37.3394,-121.895,66.56,49,40,0.0,scattered clouds
345,Filadelfia,US,39.9523,-75.1638,23.9,63,75,4.0,haze
346,Shingu,JP,33.7333,135.9833,37.89,71,96,6.35,overcast clouds
347,Kota Belud,MY,6.351,116.4305,75.06,88,95,2.75,overcast clouds
348,Carnduff,CA,49.1667,-101.8009,20.37,90,83,6.42,broken clouds
349,Kuytun,RU,54.3419,101.5036,-24.5,100,88,1.3,overcast clouds
350,Iskateley,RU,67.6803,53.1512,13.91,94,100,15.64,light snow
351,Madera,US,37.1666,-119.8343,69.51,38,100,1.99,overcast clouds
352,Pandan,PH,14.0453,124.1694,77.04,89,26,5.53,scattered clouds
353,Maarianhamina,AX,60.0973,19.9348,39.06,100,100,8.05,moderate rain
354,Orapa,BW,-21.2833,25.3667,72.77,75,55,17.72,broken clouds
355,Samana,DO,19.2056,-69.3369,87.76,66,20,11.5,few clouds
356,Honningsvag,NO,70.9821,25.9704,18.93,67,85,10.71,overcast clouds
357,Iqaluit,CA,63.7506,-68.5145,-7.87,59,100,9.22,light snow
358,Nykoping,SE,58.753,17.0079,43.43,87,75,18.41,broken clouds
359,Hamilton,US,39.1834,-84.5333,26.65,57,40,1.99,scattered clouds
360,Avera,US,33.194,-82.5271,43.92,22,0,13.87,clear sky
361,Thinadhoo,MV,0.5333,72.9333,81.23,72,100,4.74,overcast clouds
362,La Ronge,CA,55.1001,-105.2842,8.85,66,100,4.61,overcast clouds
363,Matara,LK,5.9485,80.5353,77.2,87,94,6.13,overcast clouds
364,Turka,UA,49.1541,23.0297,29.8,88,100,19.89,light snow
365,Kungurtug,RU,50.5994,97.5228,-22.81,98,49,1.45,scattered clouds
366,San Ignacio,BZ,17.1561,-89.0714,71.74,78,75,6.91,broken clouds
367,Takoradi,GH,4.8845,-1.7554,80.04,85,12,5.86,few clouds
368,Kumluca,TR,36.3703,30.2869,46.67,64,100,6.55,overcast clouds
369,Labe,GN,11.3182,-12.2833,71.13,23,26,3.69,scattered clouds
370,Galesong,ID,-5.3166,119.3661,73.42,82,100,5.5,overcast clouds
371,Baglan,AF,36.1307,68.7083,40.01,83,53,2.1,broken clouds
372,Buala,SB,-8.145,159.5921,81.32,83,100,6.8,light rain
373,Yinchuan,CN,38.4681,106.2731,25.41,47,42,3.85,scattered clouds
374,Cervo,ES,43.6702,-7.4101,50.97,84,100,14.12,overcast clouds
375,Coahuayana,MX,18.7333,-103.6833,87.28,43,0,8.03,clear sky
376,Maku,IR,39.2911,44.4521,25.41,63,0,0.0,clear sky
377,Bozhou,CN,33.8772,115.7703,31.17,69,9,4.27,clear sky
378,Valle De Allende,MX,26.9333,-105.4,61.92,37,0,4.9,clear sky
379,Tateyama,JP,34.9833,139.8667,41.05,81,69,14.12,broken clouds
380,Sulangan,PH,11.1373,123.7228,81.14,78,24,4.25,few clouds
381,Sola,VU,-13.8833,167.55,83.21,77,100,21.65,overcast clouds
382,Quatre Cocos,MU,-20.2078,57.7625,80.71,71,97,14.32,overcast clouds
383,Los Llanos De Aridane,ES,28.6585,-17.9182,58.75,75,9,7.0,clear sky
384,Siocon,PH,7.7061,122.1353,77.07,87,86,1.23,overcast clouds
385,Japura,ID,-0.3167,102.35,75.65,86,99,1.9,overcast clouds
386,Mafinga,TZ,-7.25,35.0667,65.19,96,100,2.44,overcast clouds
387,Port Hedland,AU,-20.3167,118.5667,82.45,74,40,2.3,scattered clouds
388,Lasa,IT,46.6166,10.7002,44.06,60,3,8.55,clear sky
389,Sapouy,BF,11.5544,-1.7736,74.59,16,4,7.25,clear sky
390,San Patricio,US,28.017,-97.5169,66.61,25,54,5.39,broken clouds
391,Kachiry,KZ,53.0675,76.1036,1.29,87,12,9.93,few clouds
392,Verkhnevilyuysk,RU,63.4453,120.3167,-17.43,98,89,5.44,overcast clouds
393,Nadapuram,IN,11.7,75.6667,74.28,77,16,3.18,few clouds
394,Maraba,BR,-5.3686,-49.1178,82.58,78,75,6.91,broken clouds
395,Grand Gaube,MU,-20.0064,57.6608,81.0,75,90,3.0,overcast clouds
396,Ekibastuz,KZ,51.6667,75.3667,7.39,83,7,7.54,clear sky
397,Waipawa,NZ,-41.4122,175.5153,67.93,54,35,2.68,scattered clouds
398,Qorveh,IR,35.1664,47.8045,15.94,83,4,3.6,clear sky
399,Tonantins,BR,-2.8731,-67.8022,90.95,50,70,2.53,moderate rain
400,Lodwar,KE,3.1191,35.5973,85.55,34,11,7.16,few clouds
401,Ontario,US,34.0633,-117.6509,67.1,25,75,3.0,broken clouds
402,Clyde River,CA,70.4692,-68.5914,-5.57,59,100,11.5,overcast clouds
403,Kirkenaer,NO,60.4564,12.0582,40.03,48,97,20.87,overcast clouds
404,Vardo,NO,70.3705,31.1107,21.31,78,93,0.96,overcast clouds
405,Saryg-Sep,RU,51.5,95.6,-24.05,99,84,3.18,broken clouds
406,Laguna,US,38.421,-121.4238,66.34,52,0,1.99,clear sky
407,Wanning,CN,18.8003,110.3967,62.6,87,100,9.42,overcast clouds
408,Galle,LK,6.0367,80.217,78.33,85,100,6.46,overcast clouds
409,Ucluelet,CA,48.9329,-125.5528,43.11,90,100,1.01,light rain
410,Maceio,BR,-9.6658,-35.7353,83.64,78,100,6.91,overcast clouds
411,Lodja,CD,-3.4833,23.4333,73.02,74,76,0.67,broken clouds
412,Kutum,SD,14.2,24.6667,55.18,17,21,10.51,few clouds
413,Careiro Da Varzea,BR,-3.2003,-59.8119,75.81,80,100,6.4,heavy intensity rain
414,Neuquen,AR,-38.9516,-68.0591,94.89,18,0,9.22,clear sky
415,Cody,US,44.5263,-109.0565,50.65,21,0,3.44,clear sky
416,Eyl,SO,7.9803,49.8164,74.86,68,74,21.0,broken clouds
417,Puerto Leguizamo,CO,-0.1934,-74.7819,92.98,34,92,3.49,overcast clouds
418,Sandwick,GB,60.0,-1.25,39.02,70,100,32.21,overcast clouds
419,Farafangana,MG,-22.8167,47.8333,75.27,77,25,6.33,scattered clouds
420,Carauari,BR,-4.8828,-66.8958,79.21,88,99,0.83,overcast clouds
421,Warrington,GB,53.3925,-2.5802,46.87,77,75,5.99,broken clouds
422,Mecca,SA,21.4267,39.8261,65.84,57,42,8.08,scattered clouds
423,Schwerin,DE,53.6294,11.4132,44.58,82,85,31.0,light rain
424,Preobrazheniye,RU,42.9019,133.9064,9.43,60,16,8.43,few clouds
425,Anderson,US,34.5334,-82.6499,42.78,17,0,5.01,clear sky
426,Wukari,NG,7.85,9.7833,81.34,16,100,10.11,overcast clouds
427,Cairns,AU,-16.9167,145.7667,75.15,94,75,9.22,broken clouds
428,Palmer,US,42.1584,-72.3287,15.73,79,100,4.0,light snow
429,Werda,BW,-25.2667,23.2833,75.69,60,81,16.26,broken clouds
430,Sorland,NO,67.667,12.6934,33.33,73,100,14.74,light snow
431,Dalaba,GN,10.7,-12.25,69.96,22,80,4.94,broken clouds
432,San Quintin,MX,30.4833,-115.95,66.65,34,5,8.43,clear sky
433,Mayumba,GA,-3.432,10.6554,77.54,90,72,3.2,broken clouds
434,Anadyr,RU,64.75,177.4833,-14.01,83,40,1.99,mist
435,Tucuma,BR,-0.1833,-50.05,74.35,94,100,5.12,light rain
436,Adre,TD,13.4667,22.2,63.19,13,44,15.26,scattered clouds
437,Walvis Bay,NA,-22.9575,14.5053,64.09,77,10,10.36,clear sky
438,Qaqortoq,GL,60.7167,-46.0333,14.5,91,100,1.66,light snow
439,Sita Buzaului,RO,45.65,26.0667,22.48,96,92,2.68,overcast clouds
440,Tura,IN,25.5198,90.2201,50.61,59,0,2.48,clear sky
441,Paamiut,GL,61.994,-49.6678,16.0,70,100,24.45,light snow
442,Cayenne,GF,4.9333,-52.3333,80.1,76,100,4.61,overcast clouds
443,Hailey,US,43.5196,-114.3153,28.26,43,0,4.61,clear sky
444,Odweyne,SO,9.4092,45.064,63.19,33,83,9.82,broken clouds
445,Esperance,AU,-33.8667,121.9,64.24,79,0,12.26,clear sky
446,Mount Isa,AU,-20.7333,139.5,74.97,100,100,6.91,overcast clouds
447,Wonthaggi,AU,-38.6044,145.5913,67.68,88,98,14.7,overcast clouds
448,Severnyy,RU,50.677,36.5532,30.24,100,100,11.18,snow
449,Alberton,CA,46.8168,-64.0654,23.13,93,100,38.27,snow
450,Ulaangom,MN,49.9811,92.0667,-23.15,92,98,3.44,overcast clouds
451,Coventry,GB,52.4066,-1.5122,46.47,72,75,3.0,broken clouds
452,Vila,PT,42.0304,-8.1588,43.93,40,5,4.56,clear sky
453,Lahij,YE,13.1667,44.5833,70.54,74,84,4.61,broken clouds
454,Port Augusta,AU,-32.5,137.7667,68.14,53,73,8.03,broken clouds
455,San Andres,CO,12.5847,-81.7006,84.22,61,20,10.36,few clouds
456,Ayotzintepec,MX,17.6667,-96.1333,61.99,98,100,1.32,overcast clouds
457,Puerto Del Rosario,ES,28.5004,-13.8627,64.08,77,0,4.61,haze
458,Faanui,PF,-16.4833,-151.75,80.04,74,18,11.59,light rain
459,Champerico,GT,14.3,-91.9167,90.14,63,3,12.73,clear sky
460,Kenai,US,60.5544,-151.2583,21.15,92,75,0.0,broken clouds
461,Lavrentiya,RU,65.5833,-171.0,-3.82,83,3,4.07,clear sky
462,Cleethorpes,GB,53.5605,-0.0323,46.44,70,75,13.8,broken clouds
463,Nizhnyaya Poyma,RU,56.1622,97.1933,-9.56,100,86,2.33,overcast clouds
464,Lagoa,PT,39.05,-27.9833,58.5,73,77,13.76,broken clouds
465,Tulun,RU,54.5611,100.5792,-22.09,100,87,2.33,overcast clouds
466,Morristown,US,36.214,-83.2949,31.84,38,0,6.91,clear sky
467,Stillwater,US,36.1156,-97.0584,71.85,18,0,1.01,clear sky
468,Izhma,RU,65.0083,53.9113,17.01,90,100,10.56,overcast clouds
469,Port Moresby,PG,-9.4431,147.1797,76.42,88,75,5.75,heavy intensity rain
470,Dolores,AR,-36.3132,-57.6792,78.66,57,77,9.01,broken clouds
471,Bobo Dioulasso,BF,11.1771,-4.2979,75.65,23,10,6.91,dust
472,Thunder Bay,CA,48.4001,-89.3168,18.55,78,100,0.0,snow
473,San Cristobal,VE,7.7669,-72.225,78.98,43,9,7.54,clear sky
474,Hami,CN,42.8,93.45,20.19,45,0,4.68,clear sky
475,Ugoofaaru,MV,5.6667,73.0,82.11,71,69,15.84,broken clouds
476,Aripuana,BR,-9.1667,-60.6333,72.32,99,100,2.82,overcast clouds
477,Marsaxlokk,MT,35.8419,14.5431,52.09,43,0,13.8,clear sky
478,Scarborough,GB,54.2797,-0.4044,45.52,70,8,1.99,clear sky
479,Lar,IN,26.2039,83.9717,48.92,71,0,7.74,clear sky
480,Ambanja,MG,-13.6833,48.45,74.95,93,38,2.21,light rain
481,Laishevo,RU,55.4046,49.5504,8.82,95,100,9.35,light snow
482,Mpika,ZM,-11.8343,31.4529,62.58,96,100,1.45,light rain
483,Ilhabela,BR,-23.7781,-45.3581,73.92,95,100,2.46,overcast clouds
484,Cabedelo,BR,-6.9811,-34.8339,81.27,78,62,9.06,broken clouds
485,Baculin,PH,7.4525,126.5842,75.56,81,92,4.29,overcast clouds
486,Kiunga,PG,-6.1219,141.2906,72.5,99,100,2.04,light rain
487,Barra Do Corda,BR,-5.5,-45.25,73.17,91,80,3.33,broken clouds
488,Emerald,AU,-23.5333,148.1667,72.34,83,25,0.0,scattered clouds
489,Verkhoyansk,RU,67.5447,133.385,-33.29,100,100,1.59,overcast clouds
490,Kununurra,AU,-15.7667,128.7333,78.78,94,75,8.05,broken clouds
491,Chenzhou,CN,25.8,113.0333,34.25,93,99,4.47,overcast clouds
492,San Roque,ES,36.2107,-5.3842,58.03,67,2,29.93,clear sky
493,Hirara,JP,24.8,125.2833,69.39,80,100,25.3,overcast clouds
494,Dergachi,RU,51.2328,48.7659,32.43,98,100,13.31,light snow
495,Fallon,US,39.4735,-118.7774,49.91,36,40,4.61,scattered clouds
496,Richards Bay,ZA,-28.783,32.0377,71.89,83,61,3.22,broken clouds
497,Kavarskas,LT,55.4333,24.9167,32.58,97,100,23.96,snow
498,Zabid,YE,14.1951,43.3152,76.24,69,8,4.76,clear sky
499,Churapcha,RU,62.0025,132.4325,-38.65,100,80,2.73,broken clouds
500,Tecoanapa,MX,16.5167,-98.75,85.14,56,14,11.39,few clouds
501,Benguela,AO,-12.5763,13.4055,77.68,82,100,6.87,overcast clouds
502,Araouane,ML,18.9048,-3.5265,71.91,13,93,12.59,overcast clouds
503,Fukue,JP,32.6881,128.8419,47.89,52,100,17.45,overcast clouds
504,Saquena,PE,-4.6667,-73.5167,91.02,42,58,6.04,broken clouds
505,Annau,TM,37.8876,58.516,36.9,87,40,2.3,scattered clouds
506,Liverpool,GB,53.4106,-2.9779,46.69,81,75,5.99,broken clouds
507,Colwyn Bay,GB,53.2948,-3.7267,46.81,83,31,11.01,scattered clouds
508,Ondjiva,AO,-17.0667,15.7333,72.59,71,96,8.08,moderate rain
509,Buta,CD,2.7858,24.73,71.4,35,36,2.64,scattered clouds
510,Eureka,US,40.8021,-124.1637,59.13,72,4,4.0,clear sky
511,Omsukchan,RU,62.5333,155.8,-7.91,96,100,4.88,overcast clouds
512,Zharkent,KZ,44.1628,80.0,25.88,56,100,1.05,overcast clouds
513,Tynda,RU,55.1667,124.7167,-16.22,93,34,4.97,scattered clouds
514,Kautokeino,NO,69.0125,23.0412,-0.13,97,93,4.36,overcast clouds
515,Chernyshevskiy,RU,63.0128,112.4714,-24.57,100,31,3.29,scattered clouds
516,Vitim,RU,59.4511,112.5578,-8.73,100,99,3.33,overcast clouds
517,Decatur,US,39.8403,-88.9548,34.77,59,0,12.66,clear sky
518,Shelburne,CA,44.0787,-80.2041,12.36,40,1,5.26,clear sky
519,Selma,US,36.5708,-119.6121,64.71,36,100,7.27,overcast clouds
520,Kibala,TD,9.1104,18.3463,77.56,18,32,5.28,scattered clouds
521,Kars,TR,40.602,43.095,1.85,85,75,2.3,broken clouds
522,Sheridan,US,44.8333,-106.9173,55.78,18,0,8.05,clear sky
523,Chengde,CN,40.9725,117.9361,15.03,52,0,3.04,clear sky
524,Beidao,CN,34.5686,105.8933,16.68,94,97,1.19,overcast clouds
525,Coruripe,BR,-10.1256,-36.1756,78.08,65,100,4.54,overcast clouds
526,Pangody,RU,65.85,74.4859,-9.72,96,99,8.37,overcast clouds
527,Zarubino,RU,42.63,131.0922,15.26,62,2,14.54,clear sky
528,Pemangkat,ID,1.1667,108.9667,76.46,88,100,3.42,overcast clouds
529,Sobolevo,RU,54.4299,31.8996,23.04,93,100,11.63,overcast clouds
530,Edgewater,US,28.9889,-80.9023,52.29,31,0,17.27,clear sky
531,Rio Gallegos,AR,-51.6226,-69.2181,53.65,71,75,20.71,light rain
532,Taoudenni,ML,22.6783,-3.9836,74.34,11,100,12.26,overcast clouds
533,Boende,CD,-0.2167,20.8667,75.18,50,11,1.9,few clouds
534,Purpe,RU,64.4803,76.6897,-13.11,99,86,9.71,overcast clouds
535,Krivosheino,RU,57.3431,83.9261,-8.32,100,86,3.33,overcast clouds
536,Craigieburn,AU,-37.6,144.95,67.78,92,75,0.0,broken clouds
537,Saint-Joseph,RE,-21.3667,55.6167,75.58,83,42,9.86,scattered clouds
538,Trenggalek,ID,-8.05,111.7167,75.83,93,100,1.63,overcast clouds
539,Itacare,BR,-14.2775,-38.9967,76.89,78,94,8.41,overcast clouds
540,Namatanai,PG,-3.6667,152.4333,80.28,80,100,2.04,overcast clouds
541,Dubno,UA,50.4169,25.7343,30.88,90,99,18.54,light snow
542,Okhtyrka,UA,50.3104,34.8988,25.77,95,99,11.36,snow
543,Vanimo,PG,-2.6741,141.3028,76.08,89,100,7.49,overcast clouds
544,Kandrian,PG,-6.2167,149.55,78.89,85,98,8.43,light rain
545,Russell,US,32.3502,-85.1999,43.75,21,0,13.8,clear sky
546,Bambous Virieux,MU,-20.3428,57.7575,80.85,78,40,9.22,scattered clouds
547,Kilindoni,TZ,-7.9139,39.6668,78.06,84,100,7.7,overcast clouds
548,Sal Rei,CV,16.1833,-22.9167,68.56,71,100,18.5,overcast clouds
549,Sisimiut,GL,66.9395,-53.6735,8.02,85,100,31.68,light snow
550,Muzhi,RU,65.3667,64.6667,-18.94,100,98,2.73,overcast clouds
551,Pa Sang,TH,18.5262,98.9394,68.38,64,74,0.87,broken clouds
552,Belmonte,BR,-15.8631,-38.8828,84.7,79,16,10.2,few clouds
553,Caravelas,BR,-17.7125,-39.2481,79.68,80,0,10.56,clear sky
554,Tosham,IN,28.8833,75.9167,52.52,56,1,5.82,clear sky
555,Santiago,CL,-33.4569,-70.6483,83.28,43,0,10.36,clear sky
556,Narasannapeta,IN,18.4167,84.05,62.22,64,4,4.23,clear sky
557,Amapa,BR,1.0,-52.0,73.38,98,100,3.02,moderate rain
558,Kiama,AU,-34.6833,150.8667,74.37,86,100,1.01,overcast clouds
559,Anuppur,IN,23.1,81.6833,51.64,33,0,3.44,clear sky
560,Ellensburg,US,46.9965,-120.5479,30.24,79,100,1.99,overcast clouds
561,Luganville,VU,-15.5333,167.1667,79.68,88,100,8.9,moderate rain
562,Alofi,NU,-19.0595,-169.9187,82.29,83,75,6.91,broken clouds
563,Mukono,UG,0.3533,32.7553,73.15,81,46,1.7,scattered clouds
564,Baraboo,US,43.4711,-89.7443,25.97,66,0,4.0,clear sky
565,Taseyevo,RU,57.2169,94.8978,-9.76,99,100,2.37,overcast clouds
566,Nikki,BJ,9.9401,3.2108,76.24,17,15,4.14,few clouds
567,Boden,SE,65.8252,21.6886,19.4,92,100,11.59,light snow
568,Tatarbunary,UA,45.8373,29.6142,28.87,77,14,7.56,few clouds
569,Santa Maria,BR,-29.6842,-53.8069,79.9,44,20,16.11,few clouds
570,Songjianghe,CN,42.1859,127.479,-1.97,94,7,4.9,clear sky
571,Vilyuysk,RU,63.7553,121.6247,-15.16,99,97,5.32,overcast clouds
572,Santana Do Livramento,BR,-30.8908,-55.5328,85.98,24,0,11.83,clear sky
573,Tadine,NC,-21.55,167.8833,79.88,87,100,11.88,moderate rain
574,Kushima,JP,31.4583,131.2333,44.11,79,100,4.16,overcast clouds
575,Banjar,ID,-8.19,114.9675,78.66,88,100,3.56,light rain
576,Ginda,IN,30.6945,78.4932,39.02,37,0,8.97,clear sky
577,Labuhan,ID,-6.8844,112.2051,78.21,86,100,6.31,overcast clouds
578,Paragominas,BR,-2.9667,-47.4833,73.29,97,100,3.29,overcast clouds
579,Havoysund,NO,70.9963,24.6622,18.48,78,96,17.43,light snow
580,Melton,AU,-37.6833,144.5833,68.38,94,87,2.24,overcast clouds
581,Waingapu,ID,-9.6567,120.2641,78.19,86,100,6.89,overcast clouds
582,Svetlyy,RU,54.675,20.1347,42.96,86,100,31.7,overcast clouds
583,Sarangani,PH,5.4033,125.4636,80.71,75,86,7.43,overcast clouds
584,Hawera,NZ,-39.5917,174.2833,63.73,65,4,10.13,clear sky
585,Vrable,SK,48.2437,18.3085,36.66,90,100,8.37,overcast clouds
586,Igdir,TR,39.9237,44.045,21.13,70,19,4.47,few clouds
587,Wewak,PG,-3.5534,143.6268,77.09,87,100,5.91,overcast clouds
588,Voi,KE,-3.3945,38.563,72.46,85,99,5.14,overcast clouds
589,Fort Walton Beach,US,30.4058,-86.6188,50.65,23,0,8.99,clear sky
590,Karratha,AU,-20.7377,116.8463,80.83,62,75,14.7,broken clouds
591,Ust-Kishert,RU,57.3654,57.2495,4.37,97,100,3.58,overcast clouds
592,Tomohon,ID,1.3346,124.8392,67.14,92,96,1.25,overcast clouds
593,Mandera,KE,3.9366,41.867,82.6,23,2,9.57,clear sky
594,Port Macquarie,AU,-31.4333,152.9167,68.9,78,99,2.46,overcast clouds
595,Dakar,SN,14.6937,-17.4441,71.73,73,0,13.8,clear sky
596,Te Anau,NZ,-45.4167,167.7167,57.67,88,100,1.41,moderate rain
597,Adamas,GR,36.7333,24.4333,56.77,72,99,19.01,overcast clouds
598,Campos Novos,BR,-27.4017,-51.225,58.77,93,100,4.99,overcast clouds
599,Beloha,MG,-25.1667,45.05,72.68,85,6,10.67,clear sky
600,Tarko-Sale,RU,64.9225,77.785,-13.65,99,91,9.13,overcast clouds
601,Vostok,RU,46.4856,135.8833,-18.51,99,100,3.98,overcast clouds
602,San Julian,MX,21.0167,-102.1667,70.86,30,0,6.22,clear sky
603,Narsaq,GL,60.9167,-46.05,11.05,96,100,2.48,light snow
604,Toktogul,KG,41.8708,72.9402,24.39,75,91,2.64,overcast clouds
605,Dingle,PH,10.9995,122.6711,74.53,91,9,1.7,clear sky
606,Gat,IL,31.61,34.7642,49.41,100,0,2.93,clear sky
607,Guozhen,CN,34.3659,107.359,28.45,92,39,1.83,scattered clouds
608,Lahaina,US,20.8783,-156.6825,80.6,64,0,6.73,clear sky
609,Channel-Port Aux Basques,CA,47.5702,-59.1367,33.91,97,100,44.67,snow
610,Nantucket,US,41.2835,-70.0995,30.31,100,100,35.68,snow
611,Yurga,RU,55.7231,84.8861,-6.79,100,100,3.87,overcast clouds
612,Zaysan,KZ,47.4667,84.8667,-2.51,87,100,3.24,overcast clouds
613,Khilok,RU,51.3674,110.4676,-16.94,99,85,2.35,overcast clouds
614,Half Moon Bay,US,37.4636,-122.4286,66.61,52,0,3.0,haze
615,Saint Anthony,US,45.0205,-93.218,28.83,60,0,3.0,clear sky
616,Gravdal,NO,68.1214,13.5031,29.98,74,100,9.15,overcast clouds
617,Pokosnoye,RU,55.5258,101.0536,-21.03,100,100,1.48,overcast clouds
618,Barzas,RU,55.7167,86.3167,1.63,100,100,2.8,overcast clouds
619,Seoul,KR,37.5683,126.9778,22.44,70,0,0.0,clear sky
620,Brae,GB,60.3964,-1.353,39.11,68,59,37.38,broken clouds
621,Falavarjan,IR,32.5553,51.5097,29.88,34,0,8.63,clear sky
622,Soligalich,RU,59.0778,42.2864,7.7,99,89,3.94,overcast clouds
623,Kaeo,NZ,-35.1,173.7833,69.33,72,64,11.18,broken clouds
624,Kargil,IN,34.5667,76.1,-5.28,99,98,2.35,overcast clouds
625,Kindu,CD,-2.95,25.95,70.7,88,83,1.95,broken clouds
626,Ahipara,NZ,-35.1667,173.1667,68.52,63,65,8.95,broken clouds
627,Greve Strand,DK,55.5834,12.2999,44.01,69,75,37.98,broken clouds
628,Codrington,AU,-38.2667,141.9667,63.81,82,80,6.33,broken clouds
629,Mackay,AU,-21.15,149.2,75.69,88,75,9.22,light rain
630,Bonfim,BR,3.0833,-59.95,91.6,36,84,10.76,broken clouds
631,Bardiyah,LY,31.7561,25.0865,55.83,63,100,22.01,overcast clouds
632,Kuah,MY,6.3265,99.8432,78.78,83,20,0.0,few clouds
633,Mgachi,RU,51.05,142.2667,-12.26,99,99,0.67,overcast clouds
634,Zhigansk,RU,66.7697,123.3711,-29.88,100,100,1.68,overcast clouds
635,Xambioa,BR,-6.4111,-48.5364,75.27,95,43,4.83,scattered clouds
636,Takestan,IR,36.0696,49.6959,26.73,55,7,6.15,clear sky
637,Nioro,GM,13.35,-15.75,83.91,18,89,5.19,overcast clouds
638,Itabaianinha,BR,-11.2739,-37.79,73.78,84,99,3.02,moderate rain
639,Batticaloa,LK,7.7102,81.6924,77.45,82,19,1.14,few clouds
640,Granger,US,41.7481,-86.1257,21.51,51,0,1.01,clear sky
641,Xiangfan,CN,32.0422,112.1448,33.03,83,9,2.01,clear sky
642,Qasigiannguit,GL,68.8193,-51.1922,6.37,72,88,15.1,overcast clouds
643,Awbari,LY,26.5921,12.7805,49.33,33,15,5.68,few clouds
644,Mabaruma,GY,8.2,-59.7833,78.55,69,27,5.73,scattered clouds
645,Monrovia,LR,6.3005,-10.7969,78.57,81,98,7.74,overcast clouds
646,Ormara,PK,25.2088,64.6357,71.11,78,0,11.05,clear sky
647,Ahuimanu,US,21.4447,-157.8378,80.31,59,20,5.99,few clouds
648,Krasnovishersk,RU,60.4078,57.082,7.81,97,100,2.73,overcast clouds
649,Hachinohe,JP,40.5,141.5,21.81,71,11,12.21,few clouds
650,Mairi,BR,-11.7114,-40.1489,72.57,80,100,5.59,overcast clouds
651,Alice Springs,AU,-23.7,133.8833,74.75,94,100,8.05,overcast clouds
652,Nayoro,JP,44.3506,142.4578,10.83,89,100,6.17,light snow
653,Mattru,SL,7.6244,-11.8332,77.63,78,100,4.03,overcast clouds
654,General Pico,AR,-35.6566,-63.7568,86.85,38,0,13.04,clear sky
655,Luba,GQ,3.4568,8.5547,76.89,76,89,6.55,overcast clouds
656,Birkenfeld,DE,48.8667,8.6333,44.11,91,100,15.9,overcast clouds
657,Magistralnyy,RU,56.1725,107.4458,-14.96,100,100,1.7,overcast clouds
658,Kondinskoye,RU,59.6481,67.41,4.75,98,100,4.14,overcast clouds
659,Tilichiki,RU,60.4667,166.1,18.82,71,100,14.54,overcast clouds
660,Saint-Georges,GD,12.0564,-61.7485,83.88,65,20,20.71,few clouds
661,Ushtobe,KZ,45.2514,77.9838,27.36,94,100,6.87,overcast clouds
662,Esna,EG,25.2934,32.554,53.62,46,1,8.88,clear sky
663,Bubaque,GW,11.2833,-15.8333,78.44,72,92,21.16,overcast clouds
664,Sorong,ID,-0.8833,131.25,80.46,79,100,8.28,overcast clouds
665,Leh,IN,34.1667,77.5833,-1.34,95,99,2.21,overcast clouds
666,Shar,KZ,49.5886,81.0453,9.32,77,100,17.56,snow
667,Nyurba,RU,63.2842,118.3319,-21.01,99,95,4.92,overcast clouds
668,Watford,GB,51.6553,-0.396,47.53,72,34,13.15,scattered clouds
669,Ipixuna,BR,-1.7625,-48.8043,78.75,98,100,3.15,moderate rain
670,Sai Buri,TH,6.7013,101.6168,73.4,88,7,3.56,clear sky
671,Coquimbo,CL,-29.9533,-71.3436,67.73,68,20,13.8,few clouds
672,Creel,MX,27.75,-107.6333,58.78,32,4,10.58,clear sky
673,Shevchenkove,UA,49.6959,37.1735,31.78,95,97,11.97,light snow
674,Acajutla,SV,13.5928,-89.8275,88.81,54,28,9.19,scattered clouds
675,Makakilo City,US,21.3469,-158.0858,79.12,57,0,11.5,clear sky
676,Cananeia,BR,-25.0147,-47.9267,70.61,95,100,7.7,overcast clouds
677,Luanda,AO,-8.8368,13.2343,80.6,78,40,8.05,scattered clouds
678,Lakselv,NO,70.0513,24.9718,-0.58,85,94,3.44,overcast clouds
679,Saint-Augustin,CA,51.226,-58.6502,7.83,79,100,15.21,overcast clouds
680,Chimbote,PE,-9.0853,-78.5783,74.43,71,100,11.03,overcast clouds
681,Diu,IN,20.7141,70.9822,65.71,42,7,5.84,clear sky
682,Davila,PH,18.4726,120.5763,74.41,94,100,12.08,moderate rain
683,Marawi,PH,7.9986,124.2928,66.65,94,86,0.76,overcast clouds
684,Orthez,FR,43.4884,-0.7724,36.77,85,0,2.93,clear sky
685,Saint-Alexandre,FR,44.2278,4.6214,43.5,78,11,14.34,few clouds
686,Wagga Wagga,AU,-35.1167,147.3667,74.84,94,100,8.05,overcast clouds
687,Marfino,RU,55.7028,37.3822,24.75,93,100,4.47,mist
688,Muana,BR,-1.5283,-49.2167,73.9,96,100,3.78,moderate rain
689,Aberdeen,GB,57.1437,-2.0981,41.49,68,20,19.57,few clouds
690,Rapid City,US,44.0805,-103.231,56.5,15,0,8.99,clear sky
691,Balkanabat,TM,39.5108,54.3671,41.5,61,6,5.06,clear sky
692,Tromso,NO,69.6496,18.957,21.22,58,0,4.61,clear sky
693,Mikuni,JP,36.2171,136.1519,35.51,82,95,18.12,overcast clouds
